0,0,0
244,244,0.49999237048905165
243,243,0.49999237048905165
243,243,0.49999237048905165
244,244,0.49999237048905165
245,245,0.49999237048905165
244,244,0.49999237048905165
243,243,0.49999237048905165
244,244,0.49999237048905165
244,244,0.49999237048905165
244,244,0.49999237048905165
244,244,0.49999237048905165
244,244,0.49999237048905165
243,243,0.49999237048905165
244,244,0.49999237048905165
244,244,0.49999237048905165
245,245,0.49999237048905165
244,244,0.49999237048905165
244,244,0.49999237048905165
244,244,0.49999237048905165
244,244,0.49999237048905165
244,244,0.49999237048905165
245,245,0.49999237048905165
244,244,0.49999237048905165
244,244,0.49999237048905165
244,244,0.49999237048905165
244,244,0.49999237048905165
245,245,0.49999237048905165
244,244,0.49999237048905165
244,244,0.49999237048905165
244,244,0.49999237048905165
245,245,0.49999237048905165
244,244,0.49999237048905165
244,244,0.49999237048905165
244,244,0.49999237048905165
245,245,0.49999237048905165
244,244,0.49999237048905165
244,244,0.49999237048905165
244,244,0.49999237048905165
244,244,0.49999237048905165
244,244,0.49999237048905165
244,244,0.49999237048905165
244,244,0.49999237048905165
244,244,0.49999237048905165
244,244,0.49999237048905165
245,245,0.49999237048905165
244,244,0.49999237048905165
244,244,0.49999237048905165
245,245,0.49999237048905165
244,244,0.49999237048905165
245,245,0.49999237048905165
244,244,0.49999237048905165
244,244,0.49999237048905165
244,244,0.49999237048905165
245,245,0.49999237048905165
245,245,0.49999237048905165
244,244,0.49999237048905165
244,244,0.49999237048905165
245,245,0.49999237048905165
244,244,0.49999237048905165
245,245,0.49999237048905165
244,244,0.49999237048905165
244,244,0.49999237048905165
244,244,0.49999237048905165
244,244,0.49999237048905165
245,245,0.49999237048905165
244,244,0.49999237048905165
244,244,0.49999237048905165
244,244,0.49999237048905165
244,244,0.49999237048905165
244,244,0.49999237048905165
244,244,0.49999237048905165
244,244,0.49999237048905165
244,244,0.49999237048905165
244,244,0.49999237048905165
244,244,0.49999237048905165
244,244,0.49999237048905165
244,244,0.49999237048905165
244,244,0.49999237048905165
244,244,0.49999237048905165
244,244,0.49999237048905165
244,244,0.49999237048905165
243,243,0.49999237048905165
244,244,0.49999237048905165
244,244,0.49999237048905165
244,244,0.49999237048905165
243,243,0.49999237048905165
244,244,0.49999237048905165
244,244,0.49999237048905165
244,244,0.49999237048905165
244,244,0.49999237048905165
245,245,0.49999237048905165
244,244,0.49999237048905165
244,244,0.49999237048905165
244,244,0.49999237048905165
244,244,0.49999237048905165
244,244,0.49999237048905165
245,245,0.49999237048905165
244,244,0.49999237048905165
245,245,0.49999237048905165
244,244,0.49999237048905165
244,244,0.49999237048905165
245,245,0.49999237048905165
244,244,0.49999237048905165
245,245,0.49999237048905165
244,244,0.49999237048905165
245,245,0.49999237048905165
244,244,0.49999237048905165
245,245,0.49999237048905165
245,245,0.49999237048905165
245,245,0.49999237048905165
244,244,0.49999237048905165
245,245,0.49999237048905165
244,244,0.49999237048905165
245,245,0.49999237048905165
245,245,0.49999237048905165
244,244,0.49999237048905165
245,245,0.49999237048905165
245,245,0.49999237048905165
245,245,0.49999237048905165
245,245,0.49999237048905165
244,244,0.49999237048905165
245,245,0.49999237048905165
245,245,0.49999237048905165
245,245,0.49999237048905165
245,245,0.49999237048905165
244,244,0.49999237048905165
245,245,0.49999237048905165
244,244,0.49999237048905165
245,245,0.49999237048905165
245,245,0.49999237048905165
245,245,0.49999237048905165
244,244,0.49999237048905165
245,245,0.49999237048905165
245,245,0.49999237048905165
245,245,0.49999237048905165
244,244,0.49999237048905165
245,245,0.49999237048905165
245,245,0.49999237048905165
245,245,0.49999237048905165
244,244,0.49999237048905165
245,245,0.49999237048905165
245,245,0.49999237048905165
245,245,0.49999237048905165
245,245,0.49999237048905165
245,245,0.49999237048905165
245,245,0.49999237048905165
245,245,0.49999237048905165
245,245,0.49999237048905165
245,245,0.49999237048905165
245,245,0.49999237048905165
245,245,0.49999237048905165
245,245,0.49999237048905165
245,245,0.49999237048905165
245,245,0.49999237048905165
245,245,0.49999237048905165
245,245,0.49999237048905165
245,245,0.49999237048905165
245,245,0.49999237048905165
245,245,0.49999237048905165
245,245,0.49999237048905165
245,245,0.49999237048905165
245,245,0.49999237048905165
245,245,0.49999237048905165
246,246,0.49999237048905165
245,245,0.49999237048905165
245,245,0.49999237048905165
246,246,0.49999237048905165
245,245,0.49999237048905165
245,245,0.49999237048905165
246,246,0.49999237048905165
245,245,0.49999237048905165
246,246,0.49999237048905165
245,245,0.49999237048905165
246,246,0.49999237048905165
245,245,0.49999237048905165
246,246,0.49999237048905165
246,246,0.49999237048905165
246,246,0.49999237048905165
245,245,0.49999237048905165
246,246,0.49999237048905165
246,246,0.49999237048905165
245,245,0.49999237048905165
246,246,0.49999237048905165
246,246,0.49999237048905165
246,246,0.49999237048905165
246,246,0.49999237048905165
246,246,0.49999237048905165
245,245,0.49999237048905165
246,246,0.49999237048905165
246,246,0.49999237048905165
246,246,0.49999237048905165
246,246,0.49999237048905165
245,245,0.49999237048905165
246,246,0.49999237048905165
245,245,0.49999237048905165
246,246,0.49999237048905165
246,246,0.49999237048905165
246,246,0.49999237048905165
245,245,0.49999237048905165
245,245,0.49999237048905165
246,246,0.49999237048905165
245,245,0.49999237048905165
246,246,0.49999237048905165
245,245,0.49999237048905165
245,245,0.49999237048905165
245,245,0.49999237048905165
245,245,0.49999237048905165
246,246,0.49999237048905165
245,245,0.49999237048905165
245,245,0.49999237048905165
245,245,0.49999237048905165
245,245,0.49999237048905165
246,246,0.49999237048905165
245,245,0.49999237048905165
245,245,0.49999237048905165
245,245,0.49999237048905165
246,246,0.49999237048905165
246,246,0.49999237048905165
245,245,0.49999237048905165
246,246,0.49999237048905165
245,245,0.49999237048905165
246,246,0.49999237048905165
246,246,0.49999237048905165
246,246,0.49999237048905165
245,245,0.49999237048905165
246,246,0.49999237048905165
246,246,0.49999237048905165
246,246,0.49999237048905165
245,245,0.49999237048905165
246,246,0.49999237048905165
246,246,0.49999237048905165
246,246,0.49999237048905165
245,245,0.49999237048905165
246,246,0.49999237048905165
246,246,0.49999237048905165
246,246,0.49999237048905165
245,245,0.49999237048905165
246,246,0.49999237048905165
245,245,0.49999237048905165
246,246,0.49999237048905165
245,245,0.49999237048905165
246,246,0.49999237048905165
245,245,0.49999237048905165
246,246,0.49999237048905165
245,245,0.49999237048905165
246,246,0.49999237048905165
246,246,0.49999237048905165
245,245,0.49999237048905165
246,246,0.49999237048905165
246,246,0.49999237048905165
246,246,0.49999237048905165
246,246,0.49999237048905165
245,245,0.49999237048905165
246,246,0.49999237048905165
246,246,0.49999237048905165
246,246,0.49999237048905165
246,246,0.49999237048905165
246,246,0.49999237048905165
245,245,0.49999237048905165
246,246,0.49999237048905165
245,245,0.49999237048905165
246,246,0.49999237048905165
246,246,0.49999237048905165
246,246,0.49999237048905165
246,246,0.49999237048905165
245,245,0.49999237048905165
246,246,0.49999237048905165
246,246,0.49999237048905165
246,246,0.49999237048905165
246,246,0.49999237048905165
246,246,0.49999237048905165
246,246,0.49999237048905165
246,246,0.49999237048905165
245,245,0.49999237048905165
246,246,0.49999237048905165
246,246,0.49999237048905165
246,246,0.49999237048905165
246,246,0.49999237048905165
246,246,0.49999237048905165
246,246,0.49999237048905165
246,246,0.49999237048905165
246,246,0.49999237048905165
246,246,0.49999237048905165
246,246,0.49999237048905165
246,246,0.49999237048905165
246,246,0.49999237048905165
246,246,0.49999237048905165
246,246,0.49999237048905165
247,247,0.49999237048905165
246,246,0.49999237048905165
246,246,0.49999237048905165
246,246,0.49999237048905165
246,246,0.49999237048905165
246,246,0.49999237048905165
246,246,0.49999237048905165
247,247,0.49999237048905165
246,246,0.49999237048905165
246,246,0.49999237048905165
246,246,0.49999237048905165
246,246,0.49999237048905165
246,246,0.49999237048905165
246,246,0.49999237048905165
247,247,0.49999237048905165
246,246,0.49999237048905165
246,246,0.49999237048905165
246,246,0.49999237048905165
246,246,0.49999237048905165
246,246,0.49999237048905165
246,246,0.49999237048905165
246,246,0.49999237048905165
246,246,0.49999237048905165
246,246,0.49999237048905165
246,246,0.49999237048905165
246,246,0.49999237048905165
246,246,0.49999237048905165
247,247,0.49999237048905165
246,246,0.49999237048905165
246,246,0.49999237048905165
246,246,0.49999237048905165
246,246,0.49999237048905165
246,246,0.49999237048905165
246,246,0.49999237048905165
246,246,0.49999237048905165
247,247,0.49999237048905165
246,246,0.49999237048905165
246,246,0.49999237048905165
246,246,0.49999237048905165
246,246,0.49999237048905165
247,247,0.49999237048905165
246,246,0.49999237048905165
246,246,0.49999237048905165
246,246,0.49999237048905165
246,246,0.49999237048905165
246,246,0.49999237048905165
247,247,0.49999237048905165
246,246,0.49999237048905165
247,247,0.49999237048905165
246,246,0.49999237048905165
247,247,0.49999237048905165
246,246,0.49999237048905165
247,247,0.49999237048905165
246,246,0.49999237048905165
247,247,0.49999237048905165
246,246,0.49999237048905165
246,246,0.49999237048905165
246,246,0.49999237048905165
246,246,0.49999237048905165
247,247,0.49999237048905165
246,246,0.49999237048905165
246,246,0.49999237048905165
246,246,0.49999237048905165
246,246,0.49999237048905165
247,247,0.49999237048905165
246,246,0.49999237048905165
246,246,0.49999237048905165
247,247,0.49999237048905165
246,246,0.49999237048905165
247,247,0.49999237048905165
246,246,0.49999237048905165
247,247,0.49999237048905165
246,246,0.49999237048905165
247,247,0.49999237048905165
247,247,0.49999237048905165
246,246,0.49999237048905165
246,246,0.49999237048905165
247,247,0.49999237048905165
246,246,0.49999237048905165
247,247,0.49999237048905165
246,246,0.49999237048905165
246,246,0.49999237048905165
247,247,0.49999237048905165
246,246,0.49999237048905165
247,247,0.49999237048905165
247,247,0.49999237048905165
246,246,0.49999237048905165
247,247,0.49999237048905165
246,246,0.49999237048905165
246,246,0.49999237048905165
247,247,0.49999237048905165
247,247,0.49999237048905165
247,247,0.49999237048905165
247,247,0.49999237048905165
247,247,0.49999237048905165
246,246,0.49999237048905165
247,247,0.49999237048905165
247,247,0.49999237048905165
247,247,0.49999237048905165
247,247,0.49999237048905165
246,246,0.49999237048905165
247,247,0.49999237048905165
247,247,0.49999237048905165
246,246,0.49999237048905165
247,247,0.49999237048905165
246,246,0.49999237048905165
247,247,0.49999237048905165
247,247,0.49999237048905165
246,246,0.49999237048905165
247,247,0.49999237048905165
246,246,0.49999237048905165
247,247,0.49999237048905165
246,246,0.49999237048905165
247,247,0.49999237048905165
247,247,0.49999237048905165
246,246,0.49999237048905165
247,247,0.49999237048905165
246,246,0.49999237048905165
247,247,0.49999237048905165
247,247,0.49999237048905165
246,246,0.49999237048905165
247,247,0.49999237048905165
247,247,0.49999237048905165
246,246,0.49999237048905165
247,247,0.49999237048905165
247,247,0.49999237048905165
246,246,0.49999237048905165
247,247,0.49999237048905165
247,247,0.49999237048905165
246,246,0.49999237048905165
246,246,0.49999237048905165
247,247,0.49999237048905165
246,246,0.49999237048905165
247,247,0.49999237048905165
246,246,0.49999237048905165
247,247,0.49999237048905165
246,246,0.49999237048905165
247,247,0.49999237048905165
246,246,0.49999237048905165
246,246,0.49999237048905165
247,247,0.49999237048905165
247,247,0.49999237048905165
246,246,0.49999237048905165
247,247,0.49999237048905165
247,247,0.49999237048905165
246,246,0.49999237048905165
247,247,0.49999237048905165
247,247,0.49999237048905165
247,247,0.49999237048905165
247,247,0.49999237048905165
246,246,0.49999237048905165
247,247,0.49999237048905165
247,247,0.49999237048905165
246,246,0.49999237048905165
247,247,0.49999237048905165
247,247,0.49999237048905165
247,247,0.49999237048905165
246,246,0.49999237048905165
247,247,0.49999237048905165
247,247,0.49999237048905165
247,247,0.49999237048905165
247,247,0.49999237048905165
247,247,0.49999237048905165
247,247,0.49999237048905165
246,246,0.49999237048905165
247,247,0.49999237048905165
247,247,0.49999237048905165
247,247,0.49999237048905165
247,247,0.49999237048905165
247,247,0.49999237048905165
247,247,0.49999237048905165
247,247,0.49999237048905165
247,247,0.49999237048905165
247,247,0.49999237048905165
247,247,0.49999237048905165
247,247,0.49999237048905165
247,247,0.49999237048905165
247,247,0.49999237048905165
247,247,0.49999237048905165
247,247,0.49999237048905165
248,248,0.49999237048905165
247,247,0.49999237048905165
247,247,0.49999237048905165
247,247,0.49999237048905165
247,247,0.29999237048905164
247,247,0.29999237048905164
247,247,0.29999237048905164
247,247,0.29999237048905164
232,232,0.29999237048905164
198,198,0.29999237048905164
175,175,0.29999237048905164
160,160,0.29999237048905164
151,151,0.29999237048905164
145,145,0.29999237048905164
142,142,0.29999237048905164
140,140,0.29999237048905164
139,139,0.29999237048905164
138,138,0.29999237048905164
137,137,0.29999237048905164
138,138,0.29999237048905164
137,137,0.29999237048905164
137,137,0.29999237048905164
137,137,0.29999237048905164
137,137,0.29999237048905164
137,137,0.29999237048905164
137,137,0.29999237048905164
137,137,0.29999237048905164
136,136,0.29999237048905164
137,137,0.29999237048905164
138,138,0.29999237048905164
137,137,0.29999237048905164
137,137,0.29999237048905164
137,137,0.29999237048905164
136,136,0.29999237048905164
137,137,0.29999237048905164
136,136,0.29999237048905164
137,137,0.29999237048905164
137,137,0.29999237048905164
137,137,0.29999237048905164
137,137,0.29999237048905164
137,137,0.29999237048905164
136,136,0.29999237048905164
136,136,0.29999237048905164
137,137,0.29999237048905164
136,136,0.29999237048905164
137,137,0.29999237048905164
137,137,0.29999237048905164
137,137,0.29999237048905164
136,136,0.29999237048905164
137,137,0.29999237048905164
136,136,0.29999237048905164
137,137,0.29999237048905164
136,136,0.29999237048905164
137,137,0.29999237048905164
136,136,0.29999237048905164
137,137,0.29999237048905164
136,136,0.29999237048905164
137,137,0.29999237048905164
136,136,0.29999237048905164
136,136,0.29999237048905164
136,136,0.29999237048905164
136,136,0.29999237048905164
137,137,0.29999237048905164
136,136,0.29999237048905164
136,136,0.29999237048905164
136,136,0.29999237048905164
136,136,0.29999237048905164
136,136,0.29999237048905164
136,136,0.29999237048905164
136,136,0.29999237048905164
135,135,0.29999237048905164
136,136,0.29999237048905164
136,136,0.29999237048905164
136,136,0.29999237048905164
136,136,0.29999237048905164
136,136,0.29999237048905164
136,136,0.29999237048905164
136,136,0.29999237048905164
136,136,0.29999237048905164
136,136,0.29999237048905164
135,135,0.29999237048905164
136,136,0.29999237048905164
136,136,0.29999237048905164
136,136,0.29999237048905164
136,136,0.29999237048905164
135,135,0.29999237048905164
136,136,0.29999237048905164
136,136,0.29999237048905164
135,135,0.29999237048905164
136,136,0.29999237048905164
136,136,0.29999237048905164
135,135,0.29999237048905164
136,136,0.29999237048905164
135,135,0.29999237048905164
136,136,0.29999237048905164
136,136,0.29999237048905164
136,136,0.29999237048905164
136,136,0.29999237048905164
136,136,0.29999237048905164
136,136,0.29999237048905164
137,137,0.29999237048905164
136,136,0.29999237048905164
136,136,0.29999237048905164
136,136,0.29999237048905164
136,136,0.29999237048905164
136,136,0.29999237048905164
136,136,0.29999237048905164
136,136,0.29999237048905164
136,136,0.29999237048905164
136,136,0.29999237048905164
136,136,0.29999237048905164
136,136,0.29999237048905164
136,136,0.29999237048905164
136,136,0.29999237048905164
135,135,0.29999237048905164
136,136,0.29999237048905164
136,136,0.29999237048905164
136,136,0.29999237048905164
135,135,0.29999237048905164
136,136,0.29999237048905164
135,135,0.29999237048905164
136,136,0.29999237048905164
135,135,0.29999237048905164
135,135,0.29999237048905164
136,136,0.29999237048905164
135,135,0.29999237048905164
136,136,0.29999237048905164
136,136,0.29999237048905164
135,135,0.29999237048905164
135,135,0.29999237048905164
136,136,0.29999237048905164
135,135,0.29999237048905164
135,135,0.29999237048905164
135,135,0.29999237048905164
136,136,0.29999237048905164
135,135,0.29999237048905164
136,136,0.29999237048905164
135,135,0.29999237048905164
135,135,0.29999237048905164
135,135,0.29999237048905164
135,135,0.29999237048905164
136,136,0.29999237048905164
135,135,0.29999237048905164
136,136,0.29999237048905164
135,135,0.29999237048905164
136,136,0.29999237048905164
135,135,0.29999237048905164
135,135,0.29999237048905164
136,136,0.29999237048905164
135,135,0.29999237048905164
136,136,0.29999237048905164
135,135,0.29999237048905164
135,135,0.29999237048905164
136,136,0.29999237048905164
136,136,0.29999237048905164
135,135,0.29999237048905164
135,135,0.29999237048905164
136,136,0.29999237048905164
135,135,0.29999237048905164
136,136,0.29999237048905164
135,135,0.29999237048905164
136,136,0.29999237048905164
135,135,0.29999237048905164
136,136,0.29999237048905164
135,135,0.29999237048905164
135,135,0.29999237048905164
135,135,0.29999237048905164
136,136,0.29999237048905164
136,136,0.29999237048905164
135,135,0.29999237048905164
136,136,0.29999237048905164
135,135,0.29999237048905164
136,136,0.29999237048905164
136,136,0.29999237048905164
135,135,0.29999237048905164
136,136,0.29999237048905164
135,135,0.29999237048905164
136,136,0.29999237048905164
136,136,0.29999237048905164
136,136,0.29999237048905164
136,136,0.29999237048905164
135,135,0.29999237048905164
135,135,0.29999237048905164
136,136,0.29999237048905164
135,135,0.29999237048905164
136,136,0.29999237048905164
136,136,0.29999237048905164
136,136,0.29999237048905164
135,135,0.29999237048905164
136,136,0.29999237048905164
136,136,0.29999237048905164
135,135,0.29999237048905164
136,136,0.29999237048905164
136,136,0.29999237048905164
135,135,0.29999237048905164
136,136,0.29999237048905164
136,136,0.29999237048905164
135,135,0.29999237048905164
135,135,0.29999237048905164
136,136,0.29999237048905164
135,135,0.29999237048905164
135,135,0.29999237048905164
135,135,0.29999237048905164
135,135,0.4
135,135,0.4
136,136,0.4
135,135,0.4
135,135,0.4
142,142,0.4
163,163,0.4
173,173,0.4
180,180,0.4
183,183,0.4
186,186,0.4
186,186,0.4
188,188,0.4
187,187,0.4
188,188,0.4
188,188,0.4
189,189,0.4
188,188,0.4
189,189,0.4
188,188,0.4
188,188,0.4
189,189,0.4
189,189,0.4
188,188,0.4
189,189,0.4
188,188,0.4
189,189,0.4
189,189,0.4
188,188,0.4
189,189,0.4
189,189,0.4
188,188,0.4
189,189,0.4
189,189,0.4
189,189,0.4
189,189,0.4
189,189,0.4
189,189,0.4
188,188,0.4
189,189,0.4
189,189,0.4
189,189,0.4
189,189,0.4
189,189,0.4
189,189,0.4
189,189,0.4
189,189,0.4
189,189,0.4
189,189,0.4
190,190,0.4
189,189,0.4
189,189,0.4
190,190,0.4
189,189,0.4
189,189,0.4
190,190,0.4
189,189,0.4
190,190,0.4
189,189,0.4
189,189,0.4
190,190,0.4
189,189,0.4
189,189,0.4
190,190,0.4
189,189,0.4
190,190,0.4
189,189,0.4
189,189,0.4
190,190,0.4
189,189,0.4
189,189,0.4
189,189,0.4
190,190,0.4
189,189,0.4
190,190,0.4
190,190,0.4
189,189,0.4
190,190,0.4
189,189,0.4
190,190,0.4
189,189,0.4
190,190,0.4
189,189,0.4
190,190,0.4
189,189,0.4
190,190,0.4
189,189,0.4
190,190,0.4
189,189,0.4
190,190,0.4
189,189,0.4
190,190,0.4
189,189,0.4
190,190,0.4
189,189,0.4
190,190,0.4
189,189,0.4
190,190,0.4
190,190,0.4
189,189,0.4
190,190,0.4
189,189,0.4
189,189,0.4
190,190,0.4
189,189,0.4
190,190,0.4
189,189,0.4
190,190,0.4
189,189,0.4
189,189,0.4
190,190,0.4
189,189,0.4
190,190,0.4
189,189,0.4
190,190,0.4
189,189,0.4
189,189,0.4
189,189,0.4
190,190,0.4
189,189,0.4
189,189,0.4
189,189,0.4
189,189,0.4
189,189,0.4
189,189,0.4
189,189,0.4
189,189,0.4
190,190,0.4
189,189,0.4
189,189,0.4
189,189,0.4
190,190,0.4
189,189,0.4
189,189,0.4
190,190,0.4
189,189,0.4
190,190,0.4
189,189,0.4
189,189,0.4
190,190,0.4
189,189,0.4
189,189,0.4
189,189,0.4
189,189,0.4
189,189,0.4
189,189,0.49999237048905165
189,189,0.49999237048905165
189,189,0.49999237048905165
189,189,0.49999237048905165
189,189,0.49999237048905165
196,196,0.49999237048905165
216,216,0.49999237048905165
227,227,0.49999237048905165
234,234,0.49999237048905165
238,238,0.49999237048905165
240,240,0.49999237048905165
242,242,0.49999237048905165
242,242,0.49999237048905165
242,242,0.49999237048905165
243,243,0.49999237048905165
243,243,0.49999237048905165
243,243,0.49999237048905165
243,243,0.49999237048905165
243,243,0.49999237048905165
244,244,0.49999237048905165
243,243,0.49999237048905165
244,244,0.49999237048905165
244,244,0.49999237048905165
244,244,0.49999237048905165
243,243,0.49999237048905165
244,244,0.49999237048905165
244,244,0.49999237048905165
244,244,0.49999237048905165
244,244,0.49999237048905165
244,244,0.49999237048905165
245,245,0.49999237048905165
244,244,0.49999237048905165
244,244,0.49999237048905165
245,245,0.49999237048905165
245,245,0.49999237048905165
245,245,0.49999237048905165
244,244,0.49999237048905165
245,245,0.49999237048905165
245,245,0.49999237048905165
245,245,0.49999237048905165
245,245,0.49999237048905165
245,245,0.49999237048905165
246,246,0.49999237048905165
245,245,0.49999237048905165
245,245,0.49999237048905165
245,245,0.49999237048905165
245,245,0.49999237048905165
245,245,0.49999237048905165
245,245,0.49999237048905165
245,245,0.49999237048905165
245,245,0.49999237048905165
245,245,0.49999237048905165
245,245,0.49999237048905165
245,245,0.49999237048905165
245,245,0.49999237048905165
245,245,0.49999237048905165
244,244,0.49999237048905165
245,245,0.49999237048905165
245,245,0.49999237048905165
246,246,0.49999237048905165
245,245,0.49999237048905165
245,245,0.49999237048905165
245,245,0.49999237048905165
245,245,0.49999237048905165
245,245,0.49999237048905165
246,246,0.49999237048905165
245,245,0.49999237048905165
245,245,0.49999237048905165
246,246,0.49999237048905165
245,245,0.49999237048905165
246,246,0.49999237048905165
245,245,0.49999237048905165
246,246,0.49999237048905165
245,245,0.49999237048905165
246,246,0.49999237048905165
246,246,0.49999237048905165
245,245,0.49999237048905165
246,246,0.49999237048905165
246,246,0.49999237048905165
246,246,0.49999237048905165
246,246,0.49999237048905165
245,245,0.49999237048905165
246,246,0.49999237048905165
246,246,0.49999237048905165
247,247,0.49999237048905165
245,245,0.49999237048905165
246,246,0.49999237048905165
246,246,0.49999237048905165
246,246,0.49999237048905165
246,246,0.49999237048905165
246,246,0.49999237048905165
246,246,0.49999237048905165
246,246,0.49999237048905165
246,246,0.49999237048905165
245,245,0.49999237048905165
246,246,0.49999237048905165
246,246,0.49999237048905165
246,246,0.49999237048905165
246,246,0.49999237048905165
246,246,0.49999237048905165
245,245,0.49999237048905165
246,246,0.49999237048905165
246,246,0.49999237048905165
247,247,0.49999237048905165
246,246,0.49999237048905165
246,246,0.49999237048905165
246,246,0.49999237048905165
246,246,0.49999237048905165
247,247,0.49999237048905165
246,246,0.49999237048905165
246,246,0.49999237048905165
247,247,0.49999237048905165
246,246,0.49999237048905165
246,246,0.49999237048905165
247,247,0.49999237048905165
246,246,0.49999237048905165
246,246,0.49999237048905165
247,247,0.49999237048905165
246,246,0.49999237048905165
247,247,0.49999237048905165
246,246,0.49999237048905165
247,247,0.49999237048905165
246,246,0.49999237048905165
247,247,0.49999237048905165
247,247,0.49999237048905165
247,247,0.49999237048905165
247,247,0.49999237048905165
246,246,0.6
248,248,0.6
246,246,0.6
253,253,0.6
273,273,0.6
286,286,0.6
292,292,0.6
296,296,0.6
299,299,0.6
299,299,0.6
300,300,0.6
301,301,0.6
301,301,0.6
301,301,0.6
301,301,0.6
302,302,0.6
301,301,0.6
302,302,0.6
302,302,0.6
301,301,0.6
302,302,0.6
302,302,0.6
302,302,0.6
302,302,0.6
303,303,0.6
302,302,0.6
302,302,0.6
303,303,0.6
302,302,0.6
303,303,0.6
302,302,0.6
303,303,0.6
303,303,0.6
303,303,0.6
302,302,0.6
303,303,0.6
303,303,0.6
302,302,0.6
303,303,0.6
303,303,0.6
303,303,0.6
303,303,0.6
302,302,0.6
303,303,0.6
303,303,0.6
303,303,0.6
303,303,0.6
303,303,0.6
303,303,0.6
304,304,0.6
303,303,0.6
304,304,0.6
303,303,0.6
304,304,0.6
304,304,0.6
303,303,0.6
304,304,0.6
304,304,0.6
304,304,0.6
304,304,0.6
304,304,0.6
304,304,0.6
304,304,0.6
303,303,0.6
304,304,0.6
304,304,0.6
304,304,0.6
304,304,0.6
303,303,0.6
304,304,0.6
304,304,0.6
304,304,0.6
303,303,0.6
304,304,0.6
304,304,0.6
304,304,0.6
304,304,0.6
304,304,0.6
304,304,0.6
304,304,0.6
304,304,0.6
304,304,0.6
304,304,0.6
304,304,0.6
304,304,0.6
304,304,0.6
303,303,0.6
304,304,0.6
303,303,0.6
304,304,0.6
304,304,0.6
303,303,0.6
304,304,0.6
303,303,0.6
304,304,0.6
304,304,0.6
304,304,0.6
304,304,0.6
304,304,0.6
303,303,0.6
304,304,0.6
304,304,0.6
304,304,0.6
304,304,0.6
304,304,0.6
305,305,0.6
304,304,0.6
304,304,0.6
304,304,0.6
304,304,0.6
304,304,0.6
304,304,0.6
304,304,0.6
305,305,0.6
304,304,0.6
304,304,0.6
304,304,0.6
305,305,0.6
304,304,0.6
305,305,0.6
305,305,0.6
305,305,0.6
305,305,0.6
305,305,0.6
305,305,0.6
305,305,0.6
305,305,0.6
305,305,0.6
305,305,0.6
305,305,0.6
305,305,0.6
305,305,0.6
305,305,0.6
304,304,0.6
306,306,0.6
305,305,0.6
305,305,0.6
304,304,0.6
305,305,0.6
305,305,0.6
306,306,0.6
304,304,0.6
305,305,0.6
305,305,0.6
305,305,0.6
305,305,0.6
305,305,0.6
305,305,0.6
305,305,0.6
305,305,0.6
305,305,0.6
305,305,0.6
306,306,0.6
305,305,0.6
305,305,0.6
305,305,0.6
305,305,0.6
306,306,0.6
306,306,0.6
305,305,0.6
306,306,0.6
306,306,0.6
306,306,0.6
306,306,0.6
306,306,0.6
306,306,0.6
306,306,0.6
306,306,0.6
306,306,0.6
306,306,0.6
307,307,0.6
306,306,0.6
306,306,0.6
306,306,0.6
306,306,0.6
307,307,0.6
306,306,0.6
306,306,0.6
307,307,0.6
306,306,0.6
307,307,0.6
307,307,0.6
306,306,0.6
306,306,0.6
307,307,0.6
306,306,0.6
307,307,0.6
307,307,0.6
307,307,0.6
306,306,0.6
307,307,0.6
307,307,0.6
306,306,0.6
307,307,0.6
307,307,0.6
306,306,0.6
307,307,0.6
307,307,0.6
306,306,0.6
307,307,0.6
307,307,0.6
306,306,0.6
307,307,0.6
307,307,0.6
307,307,0.6
307,307,0.6
307,307,0.6
307,307,0.6
307,307,0.6
307,307,0.6
307,307,0.6
307,307,0.6
306,306,0.6
307,307,0.6
307,307,0.6
307,307,0.6
307,307,0.6
307,307,0.8999923704890517
323,323,0.8999923704890517
394,394,0.8999923704890517
433,433,0.8999923704890517
453,453,0.8999923704890517
464,464,0.8999923704890517
471,471,0.8999923704890517
476,476,0.8999923704890517
478,478,0.8999923704890517
480,480,0.8999923704890517
482,482,0.8999923704890517
482,482,0.8999923704890517
484,484,0.8999923704890517
484,484,0.8999923704890517
485,485,0.8999923704890517
485,485,0.8999923704890517
485,485,0.8999923704890517
486,486,0.8999923704890517
486,486,0.8999923704890517
486,486,0.8999923704890517
486,486,0.8999923704890517
487,487,0.8999923704890517
487,487,0.8999923704890517
487,487,0.8999923704890517
487,487,0.8999923704890517
488,488,0.8999923704890517
488,488,0.8999923704890517
488,488,0.8999923704890517
489,489,0.8999923704890517
488,488,0.8999923704890517
489,489,0.8999923704890517
489,489,0.8999923704890517
489,489,0.8999923704890517
489,489,0.8999923704890517
489,489,0.8999923704890517
490,490,0.8999923704890517
489,489,0.8999923704890517
490,490,0.8999923704890517
490,490,0.8999923704890517
489,489,0.8999923704890517
490,490,0.8999923704890517
490,490,0.8999923704890517
490,490,0.8999923704890517
491,491,0.8999923704890517
490,490,0.8999923704890517
491,491,0.8999923704890517
490,490,0.8999923704890517
491,491,0.8999923704890517
491,491,0.8999923704890517
491,491,0.8999923704890517
490,490,0.8999923704890517
491,491,0.8999923704890517
491,491,0.8999923704890517
490,490,0.8999923704890517
491,491,0.8999923704890517
491,491,0.8999923704890517
491,491,0.8999923704890517
491,491,0.8999923704890517
491,491,0.8999923704890517
491,491,0.8999923704890517
491,491,0.8999923704890517
491,491,0.8999923704890517
491,491,0.8999923704890517
491,491,0.8999923704890517
491,491,0.8999923704890517
492,492,0.8999923704890517
491,491,0.8999923704890517
492,492,0.8999923704890517
492,492,0.8999923704890517
491,491,0.8999923704890517
492,492,0.8999923704890517
492,492,0.8999923704890517
492,492,0.8999923704890517
491,491,0.8999923704890517
492,492,0.8999923704890517
492,492,0.8999923704890517
493,493,0.8999923704890517
492,492,0.8999923704890517
493,493,0.8999923704890517
493,493,0.8999923704890517
492,492,0.8999923704890517
492,492,0.8999923704890517
492,492,0.8999923704890517
492,492,0.8999923704890517
492,492,0.8999923704890517
493,493,0.8999923704890517
492,492,0.8999923704890517
492,492,0.8999923704890517
492,492,0.8999923704890517
492,492,0.8999923704890517
492,492,0.8999923704890517
493,493,0.8999923704890517
492,492,0.8999923704890517
493,493,0.8999923704890517
492,492,0.8999923704890517
493,493,0.8999923704890517
492,492,0.8999923704890517
493,493,0.8999923704890517
492,492,0.8999923704890517
492,492,0.8999923704890517
493,493,0.8999923704890517
492,492,0.8999923704890517
493,493,0.8999923704890517
492,492,0.8999923704890517
493,493,0.8999923704890517
493,493,0.8999923704890517
493,493,0.8999923704890517
492,492,0.8999923704890517
493,493,0.8999923704890517
493,493,0.8999923704890517
492,492,0.8999923704890517
493,493,0.8999923704890517
493,493,0.8999923704890517
492,492,0.8999923704890517
494,494,0.8999923704890517
492,492,0.8999923704890517
493,493,0.8999923704890517
494,494,0.8999923704890517
493,493,0.8999923704890517
493,493,0.8999923704890517
493,493,0.8999923704890517
494,494,0.8999923704890517
493,493,0.8999923704890517
494,494,0.8999923704890517
495,495,0.8999923704890517
494,494,0.8999923704890517
494,494,0.8999923704890517
495,495,0.8999923704890517
494,494,0.8999923704890517
495,495,0.8999923704890517
495,495,0.8999923704890517
495,495,0.8999923704890517
495,495,0.8999923704890517
494,494,0.8999923704890517
495,495,0.8999923704890517
495,495,0.8999923704890517
495,495,0.8999923704890517
495,495,0.8999923704890517
496,496,0.8999923704890517
495,495,0.8999923704890517
495,495,0.8999923704890517
495,495,0.8999923704890517
495,495,0.8999923704890517
496,496,0.8999923704890517
495,495,0.8999923704890517
496,496,0.8999923704890517
495,495,0.8999923704890517
496,496,0.8999923704890517
496,496,0.8999923704890517
496,496,0.8999923704890517
496,496,0.29999237048905164
475,475,0.29999237048905164
363,363,0.29999237048905164
287,287,0.29999237048905164
239,239,0.29999237048905164
203,203,0.29999237048905164
178,178,0.29999237048905164
157,157,0.29999237048905164
139,139,0.29999237048905164
126,126,0.29999237048905164
112,112,0.29999237048905164
119,119,0.29999237048905164
131,131,0.29999237048905164
137,137,0.29999237048905164
141,141,0.29999237048905164
143,143,0.29999237048905164
144,144,0.29999237048905164
145,145,0.29999237048905164
145,145,0.29999237048905164
145,145,0.29999237048905164
145,145,0.29999237048905164
146,146,0.29999237048905164
146,146,0.29999237048905164
145,145,0.29999237048905164
146,146,0.29999237048905164
146,146,0.29999237048905164
145,145,0.29999237048905164
146,146,0.29999237048905164
145,145,0.29999237048905164
146,146,0.29999237048905164
145,145,0.29999237048905164
146,146,0.29999237048905164
145,145,0.29999237048905164
145,145,0.29999237048905164
146,146,0.29999237048905164
145,145,0.29999237048905164
146,146,0.29999237048905164
145,145,0.29999237048905164
146,146,0.29999237048905164
145,145,0.29999237048905164
145,145,0.29999237048905164
145,145,0.29999237048905164
145,145,0.29999237048905164
145,145,0.29999237048905164
145,145,0.29999237048905164
145,145,0.29999237048905164
145,145,0.29999237048905164
145,145,0.29999237048905164
144,144,0.29999237048905164
145,145,0.29999237048905164
145,145,0.29999237048905164
144,144,0.29999237048905164
145,145,0.29999237048905164
144,144,0.29999237048905164
145,145,0.29999237048905164
145,145,0.29999237048905164
144,144,0.29999237048905164
144,144,0.29999237048905164
145,145,0.29999237048905164
145,145,0.29999237048905164
144,144,0.29999237048905164
145,145,0.29999237048905164
144,144,0.29999237048905164
145,145,0.29999237048905164
144,144,0.29999237048905164
144,144,0.29999237048905164
145,145,0.29999237048905164
144,144,0.29999237048905164
144,144,0.29999237048905164
145,145,0.29999237048905164
144,144,0.29999237048905164
145,145,0.29999237048905164
144,144,0.29999237048905164
144,144,0.29999237048905164
144,144,0.29999237048905164
144,144,0.29999237048905164
144,144,0.29999237048905164
144,144,0.29999237048905164
145,145,0.29999237048905164
144,144,0.29999237048905164
144,144,0.29999237048905164
144,144,0.29999237048905164
144,144,0.29999237048905164
144,144,0.29999237048905164
143,143,0.29999237048905164
144,144,0.29999237048905164
144,144,0.29999237048905164
144,144,0.29999237048905164
144,144,0.29999237048905164
144,144,0.29999237048905164
144,144,0.29999237048905164
143,143,0.29999237048905164
144,144,0.29999237048905164
144,144,0.29999237048905164
144,144,0.29999237048905164
143,143,0.29999237048905164
144,144,0.29999237048905164
144,144,0.29999237048905164
143,143,0.29999237048905164
144,144,0.29999237048905164
143,143,0.29999237048905164
144,144,0.29999237048905164
143,143,0.29999237048905164
144,144,0.29999237048905164
143,143,0.29999237048905164
144,144,0.29999237048905164
143,143,0.29999237048905164
143,143,0.29999237048905164
144,144,0.29999237048905164
143,143,0.29999237048905164
144,144,0.29999237048905164
143,143,0.29999237048905164
144,144,0.29999237048905164
143,143,0.29999237048905164
143,143,0.29999237048905164
143,143,0.29999237048905164
143,143,0.29999237048905164
143,143,0.29999237048905164
144,144,0.29999237048905164
143,143,0.29999237048905164
143,143,0.29999237048905164
143,143,0.29999237048905164
144,144,0.29999237048905164
143,143,0.29999237048905164
143,143,0.29999237048905164
143,143,0.29999237048905164
142,142,0.29999237048905164
143,143,0.29999237048905164
144,144,0.29999237048905164
143,143,0.29999237048905164
142,142,0.29999237048905164
143,143,0.29999237048905164
143,143,0.29999237048905164
143,143,0.29999237048905164
143,143,0.29999237048905164
143,143,0.29999237048905164
143,143,0.29999237048905164
143,143,0.29999237048905164
143,143,0.29999237048905164
143,143,0.29999237048905164
143,143,0.29999237048905164
143,143,0.29999237048905164
142,142,0.29999237048905164
143,143,0.29999237048905164
143,143,0.29999237048905164
143,143,0.29999237048905164
143,143,0.29999237048905164
143,143,0.29999237048905164
143,143,0.29999237048905164
142,142,0.29999237048905164
143,143,0.29999237048905164
143,143,0.29999237048905164
143,143,0.29999237048905164
143,143,0.29999237048905164
142,142,0.29999237048905164
143,143,0.29999237048905164
143,143,0.29999237048905164
142,142,0.29999237048905164
143,143,0.29999237048905164
143,143,0.29999237048905164
142,142,0.29999237048905164
143,143,0.4
143,143,0.4
142,142,0.4
143,143,0.4
142,142,0.4
145,145,0.4
166,166,0.4
179,179,0.4
187,187,0.4
192,192,0.4
194,194,0.4
195,195,0.4
196,196,0.4
197,197,0.4
197,197,0.4
197,197,0.4
197,197,0.4
197,197,0.4
197,197,0.4
197,197,0.4
198,198,0.4
197,197,0.4
197,197,0.4
197,197,0.4
197,197,0.4
197,197,0.4
197,197,0.4
197,197,0.4
198,198,0.4
197,197,0.4
197,197,0.4
197,197,0.4
198,198,0.4
197,197,0.4
197,197,0.4
197,197,0.4
197,197,0.4
197,197,0.4
197,197,0.4
197,197,0.4
197,197,0.4
197,197,0.4
197,197,0.4
197,197,0.4
197,197,0.4
197,197,0.4
197,197,0.4
197,197,0.4
196,196,0.4
197,197,0.4
197,197,0.4
197,197,0.4
197,197,0.4
197,197,0.4
197,197,0.4
197,197,0.4
197,197,0.4
197,197,0.4
196,196,0.4
197,197,0.4
197,197,0.4
197,197,0.4
196,196,0.4
197,197,0.4
197,197,0.4
197,197,0.4
197,197,0.4
196,196,0.4
197,197,0.4
196,196,0.4
197,197,0.4
197,197,0.4
196,196,0.4
197,197,0.4
196,196,0.4
196,196,0.4
197,197,0.2
196,196,0.2
197,197,0.2
196,196,0.2
192,192,0.2
159,159,0.2
132,132,0.2
114,114,0.2
103,103,0.2
97,97,0.2
93,93,0.2
90,90,0.2
90,90,0.2
89,89,0.2
89,89,0.2
88,88,0.2
88,88,0.2
88,88,0.2
89,89,0.2
88,88,0.2
88,88,0.2
88,88,0.2
88,88,0.2
88,88,0.2
88,88,0.2
88,88,0.2
88,88,0.2
88,88,0.2
88,88,0.2
88,88,0.2
88,88,0.2
88,88,0.2
88,88,0.2
88,88,0.2
88,88,0.2
88,88,0.2
88,88,0.2
88,88,0.2
88,88,0.2
87,87,0.2
88,88,0.2
88,88,0.2
88,88,0.2
88,88,0.2
88,88,0.2
88,88,0.2
88,88,0.2
88,88,0.2
88,88,0.2
88,88,0.2
88,88,0.2
88,88,0.2
87,87,0.2
88,88,0.2
87,87,0.2
88,88,0.2
87,87,0.2
88,88,0.2
87,87,0.2
88,88,0.2
88,88,0.2
87,87,0.2
88,88,0.2
87,87,0.2
88,88,0.2
87,87,0.2
87,87,0.2
87,87,0.2
88,88,0.2
87,87,0.2
87,87,0.2
87,87,0.2
87,87,0.2
88,88,0.2
87,87,0.2
87,87,0.2
88,88,0.2
87,87,0.2
87,87,0.2
87,87,0.2
87,87,0.2
88,88,0.2
87,87,0.2
87,87,0.2
87,87,0.2
87,87,0.2
87,87,0.2
87,87,0.2
88,88,0.2
87,87,0.2
88,88,0.2
88,88,0.2
87,87,0.2
87,87,0.2
87,87,0.2
88,88,0.2
87,87,0.2
87,87,0.2
87,87,0.2
88,88,0.2
87,87,0.2
88,88,0.2
88,88,0.2
87,87,0.2
87,87,0.2
88,88,0.2
87,87,0.2
87,87,0.2
87,87,0.2
87,87,0.2
88,88,0.2
87,87,0.2
87,87,0.2
88,88,0.2
87,87,0.2
88,88,0.2
87,87,0.2
87,87,0.2
88,88,0.2
87,87,0.2
87,87,0.2
87,87,0.2
86,86,0.2
88,88,0.2
87,87,0.2
87,87,0.2
87,87,0.2
87,87,0.2
87,87,0.2
87,87,0.2
88,88,0.2
87,87,0.2
87,87,0.2
86,86,0.2
87,87,0.2
87,87,0.2
87,87,0.2
86,86,0.2
87,87,0.2
87,87,0.2
87,87,0.2
87,87,0.2
87,87,0.2
87,87,0.2
87,87,0.2
87,87,0.2
87,87,0.2
86,86,0.2
87,87,0.8999923704890517
87,87,0.8999923704890517
104,104,0.8999923704890517
280,280,0.8999923704890517
380,380,0.8999923704890517
426,426,0.8999923704890517
448,448,0.8999923704890517
461,461,0.8999923704890517
469,469,0.8999923704890517
474,474,0.8999923704890517
478,478,0.8999923704890517
480,480,0.8999923704890517
482,482,0.8999923704890517
483,483,0.8999923704890517
484,484,0.8999923704890517
485,485,0.8999923704890517
485,485,0.8999923704890517
486,486,0.8999923704890517
486,486,0.8999923704890517
487,487,0.8999923704890517
487,487,0.8999923704890517
488,488,0.8999923704890517
488,488,0.8999923704890517
488,488,0.8999923704890517
489,489,0.8999923704890517
489,489,0.8999923704890517
489,489,0.8999923704890517
490,490,0.8999923704890517
489,489,0.8999923704890517
490,490,0.8999923704890517
490,490,0.8999923704890517
490,490,0.8999923704890517
490,490,0.8999923704890517
491,491,0.8999923704890517
490,490,0.8999923704890517
491,491,0.8999923704890517
491,491,0.8999923704890517
491,491,0.8999923704890517
492,492,0.8999923704890517
491,491,0.8999923704890517
492,492,0.8999923704890517
492,492,0.8999923704890517
492,492,0.8999923704890517
492,492,0.8999923704890517
493,493,0.8999923704890517
493,493,0.8999923704890517
492,492,0.8999923704890517
493,493,0.8999923704890517
493,493,0.8999923704890517
494,494,0.8999923704890517
493,493,0.8999923704890517
494,494,0.8999923704890517
494,494,0.8999923704890517
493,493,0.8999923704890517
494,494,0.8999923704890517
494,494,0.8999923704890517
494,494,0.8999923704890517
494,494,0.8999923704890517
494,494,0.8999923704890517
495,495,0.8999923704890517
494,494,0.8999923704890517
494,494,0.8999923704890517
494,494,0.8999923704890517
494,494,0.8999923704890517
495,495,0.8999923704890517
494,494,0.8999923704890517
494,494,0.8999923704890517
495,495,0.8999923704890517
495,495,0.8999923704890517
494,494,0.8999923704890517
495,495,0.8999923704890517
495,495,0.8999923704890517
494,494,0.8999923704890517
494,494,0.8999923704890517
495,495,0.8999923704890517
495,495,0.8999923704890517
494,494,0.8999923704890517
495,495,0.8999923704890517
495,495,0.8999923704890517
495,495,0.8999923704890517
495,495,0.8999923704890517
496,496,0.8999923704890517
495,495,0.8999923704890517
495,495,0.8999923704890517
495,495,0.8999923704890517
495,495,0.8999923704890517
495,495,0.8999923704890517
495,495,0.8999923704890517
496,496,0.8999923704890517
495,495,0.8999923704890517
496,496,0.8999923704890517
495,495,0.8999923704890517
496,496,0.29999237048905164
495,495,0.29999237048905164
496,496,0.29999237048905164
495,495,0.29999237048905164
495,495,0.29999237048905164
487,487,0.29999237048905164
381,381,0.29999237048905164
295,295,0.29999237048905164
244,244,0.29999237048905164
206,206,0.29999237048905164
180,180,0.29999237048905164
159,159,0.29999237048905164
142,142,0.29999237048905164
126,126,0.29999237048905164
114,114,0.29999237048905164
114,114,0.29999237048905164
129,129,0.29999237048905164
137,137,0.29999237048905164
142,142,0.29999237048905164
143,143,0.29999237048905164
145,145,0.29999237048905164
146,146,0.29999237048905164
145,145,0.29999237048905164
146,146,0.29999237048905164
146,146,0.29999237048905164
147,147,0.29999237048905164
146,146,0.29999237048905164
147,147,0.29999237048905164
146,146,0.29999237048905164
146,146,0.29999237048905164
146,146,0.29999237048905164
146,146,0.29999237048905164
147,147,0.29999237048905164
146,146,0.29999237048905164
146,146,0.29999237048905164
146,146,0.29999237048905164
146,146,0.29999237048905164
146,146,0.29999237048905164
146,146,0.29999237048905164
146,146,0.29999237048905164
146,146,0.29999237048905164
146,146,0.29999237048905164
146,146,0.29999237048905164
146,146,0.29999237048905164
146,146,0.29999237048905164
146,146,0.29999237048905164
146,146,0.29999237048905164
145,145,0.29999237048905164
146,146,0.29999237048905164
146,146,0.29999237048905164
146,146,0.29999237048905164
146,146,0.29999237048905164
146,146,0.29999237048905164
145,145,0.29999237048905164
146,146,0.29999237048905164
146,146,0.29999237048905164
145,145,0.29999237048905164
146,146,0.29999237048905164
146,146,0.29999237048905164
145,145,0.29999237048905164
146,146,0.29999237048905164
145,145,0.29999237048905164
146,146,0.29999237048905164
145,145,0.29999237048905164
146,146,0.29999237048905164
145,145,0.29999237048905164
146,146,0.29999237048905164
145,145,0.29999237048905164
146,146,0.29999237048905164
145,145,0.29999237048905164
146,146,0.29999237048905164
145,145,0.29999237048905164
145,145,0.29999237048905164
145,145,0.29999237048905164
145,145,0.29999237048905164
146,146,0.29999237048905164
145,145,0.29999237048905164
145,145,0.29999237048905164
145,145,0.29999237048905164
145,145,0.29999237048905164
145,145,0.29999237048905164
145,145,0.29999237048905164
145,145,0.29999237048905164
145,145,0.29999237048905164
145,145,0.29999237048905164
145,145,0.29999237048905164
145,145,0.29999237048905164
145,145,0.29999237048905164
145,145,0.29999237048905164
144,144,0.29999237048905164
145,145,0.29999237048905164
145,145,0.29999237048905164
145,145,0.29999237048905164
145,145,0.29999237048905164
145,145,0.29999237048905164
144,144,0.29999237048905164
144,144,0.29999237048905164
145,145,0.29999237048905164
145,145,0.29999237048905164
144,144,0.29999237048905164
145,145,0.29999237048905164
145,145,0.29999237048905164
144,144,0.29999237048905164
145,145,0.29999237048905164
144,144,0.29999237048905164
145,145,0.29999237048905164
144,144,0.29999237048905164
145,145,0.29999237048905164
144,144,0.29999237048905164
145,145,0.29999237048905164
144,144,0.29999237048905164
145,145,0.29999237048905164
144,144,0.29999237048905164
144,144,0.29999237048905164
145,145,0.29999237048905164
144,144,0.29999237048905164
144,144,0.29999237048905164
145,145,0.29999237048905164
144,144,0.29999237048905164
145,145,0.29999237048905164
144,144,0.29999237048905164
144,144,0.29999237048905164
144,144,0.29999237048905164
144,144,0.29999237048905164
144,144,0.29999237048905164
145,145,0.29999237048905164
144,144,0.29999237048905164
144,144,0.29999237048905164
144,144,0.29999237048905164
144,144,0.29999237048905164
144,144,0.29999237048905164
144,144,0.29999237048905164
144,144,0.29999237048905164
144,144,0.29999237048905164
144,144,0.29999237048905164
144,144,0.29999237048905164
144,144,0.29999237048905164
144,144,0.29999237048905164
144,144,0.29999237048905164
144,144,0.29999237048905164
144,144,0.29999237048905164
144,144,0.29999237048905164
144,144,0.29999237048905164
144,144,0.29999237048905164
144,144,0.29999237048905164
144,144,0.29999237048905164
144,144,0.29999237048905164
143,143,0.29999237048905164
144,144,0.29999237048905164
144,144,0.29999237048905164
144,144,0.29999237048905164
143,143,0.29999237048905164
144,144,0.29999237048905164
143,143,0.29999237048905164
144,144,0.29999237048905164
143,143,0.29999237048905164
144,144,0.29999237048905164
143,143,0.29999237048905164
144,144,0.29999237048905164
144,144,0.29999237048905164
144,144,0.29999237048905164
143,143,0.29999237048905164
144,144,0.29999237048905164
143,143,0.29999237048905164
144,144,0.29999237048905164
143,143,0.29999237048905164
144,144,0.29999237048905164
144,144,0.29999237048905164
143,143,0.29999237048905164
144,144,0.2
142,142,0.2
127,127,0.2
112,112,0.2
102,102,0.2
96,96,0.2
94,94,0.2
92,92,0.2
91,91,0.2
90,90,0.2
90,90,0.2
90,90,0.2
90,90,0.2
90,90,0.2
89,89,0.2
89,89,0.2
90,90,0.2
90,90,0.2
89,89,0.2
90,90,0.2
89,89,0.2
90,90,0.2
90,90,0.2
89,89,0.2
90,90,0.2
89,89,0.2
89,89,0.2
90,90,0.2
89,89,0.2
89,89,0.2
90,90,0.2
89,89,0.2
89,89,0.2
90,90,0.2
89,89,0.2
90,90,0.2
89,89,0.2
90,90,0.2
89,89,0.2
90,90,0.2
89,89,0.2
89,89,0.2
89,89,0.2
90,90,0.2
89,89,0.2
90,90,0.2
89,89,0.2
90,90,0.2
90,90,0.2
89,89,0.2
90,90,0.2
89,89,0.2
89,89,0.2
89,89,0.2
89,89,0.2
89,89,0.2
89,89,0.2
89,89,0.2
89,89,0.2
89,89,0.2
89,89,0.2
90,90,0.2
89,89,0.2
89,89,0.2
89,89,0.2
89,89,0.2
89,89,0.2
89,89,0.2
89,89,0.2
89,89,0.2
88,88,0.2
90,90,0.2
88,88,0.2
89,89,0.2
89,89,0.2
89,89,0.2
90,90,0.2
89,89,0.2
89,89,0.2
88,88,0.2
89,89,0.2
89,89,0.2
88,88,0.2
89,89,0.2
88,88,0.2
88,88,0.2
89,89,0.2
89,89,0.2
89,89,0.2
89,89,0.2
88,88,0.2
89,89,0.2
88,88,0.2
89,89,0.2
88,88,0.2
89,89,0.2
88,88,0.2
89,89,0.2
88,88,0.2
89,89,0.2
89,89,0.2
89,89,0.2
89,89,0.2
89,89,0.2
89,89,0.2
88,88,0.29999237048905164
89,89,0.29999237048905164
107,107,0.29999237048905164
123,123,0.29999237048905164
131,131,0.29999237048905164
136,136,0.29999237048905164
139,139,0.29999237048905164
140,140,0.29999237048905164
141,141,0.29999237048905164
142,142,0.29999237048905164
142,142,0.29999237048905164
141,141,0.29999237048905164
142,142,0.29999237048905164
142,142,0.29999237048905164
142,142,0.29999237048905164
142,142,0.29999237048905164
142,142,0.29999237048905164
142,142,0.29999237048905164
142,142,0.29999237048905164
142,142,0.29999237048905164
142,142,0.29999237048905164
143,143,0.29999237048905164
142,142,0.29999237048905164
142,142,0.29999237048905164
142,142,0.29999237048905164
142,142,0.29999237048905164
143,143,0.29999237048905164
142,142,0.29999237048905164
142,142,0.29999237048905164
142,142,0.29999237048905164
142,142,0.29999237048905164
142,142,0.29999237048905164
142,142,0.29999237048905164
142,142,0.29999237048905164
142,142,0.29999237048905164
142,142,0.29999237048905164
142,142,0.29999237048905164
142,142,0.29999237048905164
142,142,0.29999237048905164
142,142,0.29999237048905164
142,142,0.29999237048905164
142,142,0.29999237048905164
142,142,0.29999237048905164
142,142,0.29999237048905164
142,142,0.29999237048905164
142,142,0.29999237048905164
142,142,0.29999237048905164
142,142,0.29999237048905164
142,142,0.29999237048905164
142,142,0.29999237048905164
142,142,0.29999237048905164
142,142,0.29999237048905164
142,142,0.29999237048905164
142,142,0.29999237048905164
142,142,0.29999237048905164
142,142,0.29999237048905164
142,142,0.29999237048905164
142,142,0.29999237048905164
142,142,0.29999237048905164
142,142,0.29999237048905164
142,142,0.29999237048905164
142,142,0.29999237048905164
141,141,0.29999237048905164
142,142,0.29999237048905164
142,142,0.29999237048905164
141,141,0.29999237048905164
142,142,0.29999237048905164
142,142,0.29999237048905164
142,142,0.29999237048905164
141,141,0.29999237048905164
142,142,0.29999237048905164
141,141,0.29999237048905164
141,141,0.29999237048905164
141,141,0.29999237048905164
142,142,0.29999237048905164
141,141,0.29999237048905164
142,142,0.29999237048905164
142,142,0.29999237048905164
141,141,0.29999237048905164
142,142,0.29999237048905164
141,141,0.29999237048905164
142,142,0.29999237048905164
142,142,0.29999237048905164
142,142,0.29999237048905164
142,142,0.29999237048905164
142,142,0.29999237048905164
142,142,0.29999237048905164
142,142,0.29999237048905164
142,142,0.29999237048905164
142,142,0.29999237048905164
142,142,0.29999237048905164
142,142,0.29999237048905164
142,142,0.29999237048905164
142,142,0.29999237048905164
142,142,0.29999237048905164
142,142,0.29999237048905164
142,142,0.29999237048905164
142,142,0.29999237048905164
141,141,0.29999237048905164
142,142,0.29999237048905164
142,142,0.29999237048905164
142,142,0.29999237048905164
142,142,0.29999237048905164
141,141,0.29999237048905164
142,142,0.29999237048905164
142,142,0.29999237048905164
142,142,0.29999237048905164
141,141,0.29999237048905164
142,142,0.29999237048905164
142,142,0.29999237048905164
142,142,0.29999237048905164
142,142,0.29999237048905164
142,142,0.29999237048905164
142,142,0.29999237048905164
141,141,0.29999237048905164
142,142,0.29999237048905164
142,142,0.29999237048905164
142,142,0.29999237048905164
142,142,0.24998855573357748
142,142,0.24998855573357748
141,141,0.24998855573357748
142,142,0.24998855573357748
133,133,0.24998855573357748
126,126,0.24998855573357748
120,120,0.24998855573357748
118,118,0.24998855573357748
117,117,0.24998855573357748
116,116,0.24998855573357748
115,115,0.24998855573357748
116,116,0.24998855573357748
115,115,0.24998855573357748
115,115,0.24998855573357748
114,114,0.24998855573357748
115,115,0.24998855573357748
115,115,0.24998855573357748
115,115,0.24998855573357748
115,115,0.24998855573357748
115,115,0.24998855573357748
116,116,0.24998855573357748
115,115,0.24998855573357748
115,115,0.24998855573357748
115,115,0.24998855573357748
115,115,0.24998855573357748
115,115,0.24998855573357748
114,114,0.24998855573357748
115,115,0.24998855573357748
115,115,0.24998855573357748
115,115,0.24998855573357748
115,115,0.24998855573357748
115,115,0.24998855573357748
115,115,0.24998855573357748
115,115,0.24998855573357748
114,114,0.24998855573357748
115,115,0.24998855573357748
114,114,0.24998855573357748
113,113,0.24998855573357748
114,114,0.24998855573357748
114,114,0.24998855573357748
113,113,0.24998855573357748
115,115,0.24998855573357748
113,113,0.24998855573357748
114,114,0.24998855573357748
114,114,0.24998855573357748
114,114,0.24998855573357748
114,114,0.24998855573357748
113,113,0.24998855573357748
114,114,0.24998855573357748
114,114,0.24998855573357748
114,114,0.24998855573357748
114,114,0.24998855573357748
114,114,0.24998855573357748
114,114,0.24998855573357748
113,113,0.24998855573357748
114,114,0.24998855573357748
114,114,0.24998855573357748
113,113,0.24998855573357748
114,114,0.24998855573357748
114,114,0.24998855573357748
114,114,0.24998855573357748
115,115,0.24998855573357748
114,114,0.24998855573357748
114,114,0.24998855573357748
114,114,0.24998855573357748
114,114,0.24998855573357748
114,114,0.24998855573357748
114,114,0.24998855573357748
114,114,0.24998855573357748
114,114,0.24998855573357748
114,114,0.24998855573357748
114,114,0.24998855573357748
114,114,0.24998855573357748
115,115,0.24998855573357748
114,114,0.24998855573357748
114,114,0.24998855573357748
113,113,0.24998855573357748
114,114,0.24998855573357748
114,114,0.24998855573357748
114,114,0.24998855573357748
114,114,0.24998855573357748
114,114,0.24998855573357748
114,114,0.24998855573357748
114,114,0.24998855573357748
114,114,0.24998855573357748
114,114,0.24998855573357748
114,114,0.24998855573357748
114,114,0.24998855573357748
114,114,0.24998855573357748
114,114,0.24998855573357748
114,114,0.2
114,114,0.2
114,114,0.2
114,114,0.2
106,106,0.2
99,99,0.2
93,93,0.2
92,92,0.2
89,89,0.2
88,88,0.2
89,89,0.2
87,87,0.2
88,88,0.2
88,88,0.2
87,87,0.2
88,88,0.2
88,88,0.2
87,87,0.2
88,88,0.2
87,87,0.2
87,87,0.2
88,88,0.2
87,87,0.2
88,88,0.2
87,87,0.2
87,87,0.2
88,88,0.2
87,87,0.2
87,87,0.2
88,88,0.2
88,88,0.2
87,87,0.2
87,87,0.2
88,88,0.2
87,87,0.2
88,88,0.2
87,87,0.2
87,87,0.2
87,87,0.2
87,87,0.2
88,88,0.2
87,87,0.2
88,88,0.2
87,87,0.2
88,88,0.2
87,87,0.2
87,87,0.2
87,87,0.2
88,88,0.2
87,87,0.2
87,87,0.2
87,87,0.2
87,87,0.2
88,88,0.2
87,87,0.2
88,88,0.2
88,88,0.2
87,87,0.2
88,88,0.2
88,88,0.2
87,87,0.2
88,88,0.2
87,87,0.2
88,88,0.2
87,87,0.2
88,88,0.2
87,87,0.2
88,88,0.2
87,87,0.2
88,88,0.2
88,88,0.2
87,87,0.2
88,88,0.2
88,88,0.2
88,88,0.2
87,87,0.2
88,88,0.2
87,87,0.2
88,88,0.2
88,88,0.2
87,87,0.2
88,88,0.2
87,87,0.2
87,87,0.2
88,88,0.2
87,87,0.2
88,88,0.2
87,87,0.2
87,87,0.2
88,88,0.2
87,87,0.2
88,88,0.2
87,87,0.2
88,88,0.2
88,88,0.2
88,88,0.2
87,87,0.2
88,88,0.2
88,88,0.2
88,88,0.2
87,87,0.2
88,88,0.2
87,87,0.2
88,88,0.2
87,87,0.2
88,88,0.2
87,87,0.2
87,87,0.2
88,88,0.2
87,87,0.2
88,88,0.2
87,87,0.2
88,88,0.2
87,87,0.2
88,88,0.2
87,87,0.2
88,88,0.2
87,87,0.2
87,87,0.2
88,88,0.4
87,87,0.4
87,87,0.4
88,88,0.4
87,87,0.4
120,120,0.4
155,155,0.4
172,172,0.4
183,183,0.4
187,187,0.4
190,190,0.4
192,192,0.4
193,193,0.4
194,194,0.4
193,193,0.4
194,194,0.4
194,194,0.4
194,194,0.4
194,194,0.4
195,195,0.4
194,194,0.4
194,194,0.4
194,194,0.4
194,194,0.4
195,195,0.4
195,195,0.4
195,195,0.4
195,195,0.4
195,195,0.4
195,195,0.4
194,194,0.4
195,195,0.4
195,195,0.4
195,195,0.4
195,195,0.4
194,194,0.4
195,195,0.4
195,195,0.4
195,195,0.4
194,194,0.4
195,195,0.4
194,194,0.4
195,195,0.4
195,195,0.4
194,194,0.4
195,195,0.4
195,195,0.4
194,194,0.4
195,195,0.4
195,195,0.4
195,195,0.4
195,195,0.4
195,195,0.4
195,195,0.4
195,195,0.4
195,195,0.4
195,195,0.4
196,196,0.4
195,195,0.4
195,195,0.4
194,194,0.4
196,196,0.4
195,195,0.4
195,195,0.4
195,195,0.4
195,195,0.4
195,195,0.4
196,196,0.4
195,195,0.4
196,196,0.4
195,195,0.4
195,195,0.4
196,196,0.4
195,195,0.4
195,195,0.4
196,196,0.4
196,196,0.4
195,195,0.4
196,196,0.4
195,195,0.4
196,196,0.4
195,195,0.4
196,196,0.4
195,195,0.4
196,196,0.4
196,196,0.4
196,196,0.4
196,196,0.4
195,195,0.4
196,196,0.4
195,195,0.4
196,196,0.4
196,196,0.4
196,196,0.4
195,195,0.4
196,196,0.29999237048905164
196,196,0.29999237048905164
195,195,0.29999237048905164
196,196,0.29999237048905164
196,196,0.29999237048905164
184,184,0.29999237048905164
166,166,0.29999237048905164
155,155,0.29999237048905164
149,149,0.29999237048905164
145,145,0.29999237048905164
144,144,0.29999237048905164
143,143,0.29999237048905164
142,142,0.29999237048905164
142,142,0.29999237048905164
142,142,0.29999237048905164
141,141,0.29999237048905164
141,141,0.29999237048905164
142,142,0.29999237048905164
141,141,0.29999237048905164
142,142,0.29999237048905164
141,141,0.29999237048905164
141,141,0.29999237048905164
141,141,0.29999237048905164
142,142,0.29999237048905164
141,141,0.29999237048905164
141,141,0.29999237048905164
141,141,0.29999237048905164
141,141,0.29999237048905164
142,142,0.29999237048905164
141,141,0.29999237048905164
142,142,0.29999237048905164
141,141,0.29999237048905164
141,141,0.29999237048905164
141,141,0.29999237048905164
142,142,0.29999237048905164
141,141,0.29999237048905164
141,141,0.29999237048905164
142,142,0.29999237048905164
141,141,0.29999237048905164
141,141,0.29999237048905164
142,142,0.29999237048905164
141,141,0.29999237048905164
141,141,0.29999237048905164
141,141,0.29999237048905164
141,141,0.29999237048905164
141,141,0.29999237048905164
141,141,0.29999237048905164
142,142,0.29999237048905164
141,141,0.29999237048905164
140,140,0.29999237048905164
141,141,0.29999237048905164
141,141,0.29999237048905164
141,141,0.29999237048905164
142,142,0.29999237048905164
141,141,0.29999237048905164
141,141,0.29999237048905164
141,141,0.29999237048905164
141,141,0.29999237048905164
141,141,0.29999237048905164
141,141,0.29999237048905164
141,141,0.29999237048905164
141,141,0.29999237048905164
141,141,0.29999237048905164
141,141,0.29999237048905164
141,141,0.29999237048905164
141,141,0.29999237048905164
141,141,0.29999237048905164
141,141,0.29999237048905164
140,140,0.29999237048905164
141,141,0.29999237048905164
141,141,0.29999237048905164
141,141,0.29999237048905164
141,141,0.29999237048905164
141,141,0.29999237048905164
141,141,0.29999237048905164
140,140,0.29999237048905164
141,141,0.29999237048905164
141,141,0.29999237048905164
141,141,0.29999237048905164
141,141,0.29999237048905164
141,141,0.29999237048905164
140,140,0.29999237048905164
141,141,0.29999237048905164
141,141,0.29999237048905164
141,141,0.29999237048905164
140,140,0.29999237048905164
141,141,0.29999237048905164
141,141,0.29999237048905164
141,141,0.29999237048905164
141,141,0.29999237048905164
141,141,0.29999237048905164
141,141,0.29999237048905164
140,140,0.29999237048905164
141,141,0.29999237048905164
141,141,0.29999237048905164
140,140,0.29999237048905164
141,141,0.29999237048905164
141,141,0.29999237048905164
141,141,0.29999237048905164
141,141,0.29999237048905164
140,140,0.29999237048905164
141,141,0.29999237048905164
141,141,0.29999237048905164
140,140,0.29999237048905164
141,141,0.29999237048905164
141,141,0.29999237048905164
141,141,0.29999237048905164
141,141,0.29999237048905164
140,140,0.29999237048905164
141,141,0.29999237048905164
140,140,0.29999237048905164
141,141,0.29999237048905164
141,141,0.29999237048905164
141,141,0.29999237048905164
141,141,0.29999237048905164
140,140,0.29999237048905164
141,141,0.29999237048905164
141,141,0.29999237048905164
140,140,0.29999237048905164
141,141,0.29999237048905164
140,140,0.29999237048905164
141,141,0.29999237048905164
141,141,0.29999237048905164
141,141,0.29999237048905164
141,141,0.29999237048905164
141,141,0.29999237048905164
140,140,0.29999237048905164
141,141,0.29999237048905164
141,141,0.29999237048905164
141,141,0.29999237048905164
140,140,0.29999237048905164
141,141,0.29999237048905164
141,141,0.29999237048905164
141,141,0.29999237048905164
141,141,0.29999237048905164
141,141,0.29999237048905164
141,141,0.29999237048905164
141,141,0.29999237048905164
141,141,0.29999237048905164
141,141,0.29999237048905164
141,141,0.29999237048905164
141,141,0.29999237048905164
141,141,0.29999237048905164
141,141,0.29999237048905164
141,141,0.29999237048905164
142,142,0.29999237048905164
141,141,0.29999237048905164
141,141,0.29999237048905164
141,141,0.29999237048905164
141,141,0.29999237048905164
142,142,0.29999237048905164
141,141,0.29999237048905164
141,141,0.29999237048905164
141,141,0.29999237048905164
141,141,0.29999237048905164
141,141,0.29999237048905164
142,142,0.29999237048905164
141,141,0.29999237048905164
142,142,0.29999237048905164
141,141,0.29999237048905164
141,141,0.29999237048905164
141,141,0.29999237048905164
142,142,0.29999237048905164
141,141,0.29999237048905164
142,142,0.29999237048905164
141,141,0.29999237048905164
141,141,0.29999237048905164
140,140,0.29999237048905164
140,140,0.29999237048905164
139,139,0.29999237048905164
138,138,0.29999237048905164
139,139,0.29999237048905164
138,138,0.29999237048905164
139,139,0.29999237048905164
138,138,0.29999237048905164
138,138,0.6999923704890516
139,139,0.6999923704890516
138,138,0.6999923704890516
138,138,0.6999923704890516
139,139,0.6999923704890516
199,199,0.6999923704890516
278,278,0.6999923704890516
314,314,0.6999923704890516
332,332,0.6999923704890516
342,342,0.6999923704890516
348,348,0.6999923704890516
351,351,0.6999923704890516
353,353,0.6999923704890516
355,355,0.6999923704890516
356,356,0.6999923704890516
356,356,0.6999923704890516
357,357,0.6999923704890516
358,358,0.6999923704890516
357,357,0.6999923704890516
359,359,0.6999923704890516
358,358,0.6999923704890516
359,359,0.6999923704890516
360,360,0.6999923704890516
359,359,0.6999923704890516
360,360,0.6999923704890516
360,360,0.6999923704890516
360,360,0.6999923704890516
361,361,0.6999923704890516
361,361,0.6999923704890516
361,361,0.6999923704890516
361,361,0.6999923704890516
362,362,0.6999923704890516
361,361,0.6999923704890516
361,361,0.6999923704890516
362,362,0.6999923704890516
362,362,0.6999923704890516
362,362,0.6999923704890516
362,362,0.6999923704890516
362,362,0.6999923704890516
362,362,0.6999923704890516
362,362,0.6999923704890516
362,362,0.6999923704890516
363,363,0.6999923704890516
362,362,0.6999923704890516
362,362,0.6999923704890516
363,363,0.6999923704890516
362,362,0.6999923704890516
363,363,0.6999923704890516
363,363,0.6999923704890516
363,363,0.6999923704890516
363,363,0.6999923704890516
363,363,0.6999923704890516
363,363,0.6999923704890516
363,363,0.6999923704890516
364,364,0.6999923704890516
363,363,0.6999923704890516
364,364,0.6999923704890516
364,364,0.6999923704890516
363,363,0.6999923704890516
364,364,0.6999923704890516
364,364,0.6999923704890516
365,365,0.6999923704890516
364,364,0.6999923704890516
365,365,0.6999923704890516
364,364,0.6999923704890516
365,365,0.6999923704890516
364,364,0.6999923704890516
365,365,0.6999923704890516
365,365,0.6999923704890516
365,365,0.6999923704890516
365,365,0.6999923704890516
365,365,0.6999923704890516
365,365,0.6999923704890516
365,365,0.6999923704890516
365,365,0.6999923704890516
364,364,0.6999923704890516
366,366,0.6999923704890516
365,365,0.6999923704890516
365,365,0.6999923704890516
365,365,0.6999923704890516
365,365,0.6999923704890516
366,366,0.6999923704890516
365,365,0.6999923704890516
366,366,0.6999923704890516
366,366,0.6999923704890516
365,365,0.6999923704890516
366,366,0.6999923704890516
366,366,0.6999923704890516
366,366,0.6999923704890516
366,366,0.6999923704890516
366,366,0.6999923704890516
366,366,0.6999923704890516
366,366,0.6999923704890516
366,366,0.6999923704890516
367,367,0.6999923704890516
366,366,0.6999923704890516
367,367,0.6999923704890516
366,366,0.6999923704890516
367,367,0.6999923704890516
367,367,0.6999923704890516
366,366,0.6999923704890516
367,367,0.6999923704890516
367,367,0.6999923704890516
367,367,0.6999923704890516
367,367,0.6999923704890516
366,366,0.6999923704890516
367,367,0.6999923704890516
366,366,0.6999923704890516
366,366,0.6999923704890516
367,367,0.6999923704890516
367,367,0.6999923704890516
366,366,0.6999923704890516
367,367,0.6999923704890516
367,367,0.6999923704890516
367,367,0.6999923704890516
368,368,0.2
367,367,0.2
367,367,0.2
368,368,0.2
367,367,0.2
313,313,0.2
222,222,0.2
169,169,0.2
136,136,0.2
114,114,0.2
97,97,0.2
83,83,0.2
73,73,0.2
64,64,0.2
59,59,0.2
72,72,0.2
79,79,0.2
84,84,0.2
87,87,0.2
87,87,0.2
89,89,0.2
89,89,0.2
89,89,0.2
89,89,0.2
90,90,0.2
89,89,0.2
89,89,0.2
89,89,0.2
89,89,0.2
89,89,0.2
89,89,0.2
89,89,0.2
89,89,0.2
89,89,0.2
89,89,0.2
89,89,0.2
89,89,0.2
89,89,0.2
90,90,0.2
89,89,0.2
89,89,0.2
89,89,0.2
89,89,0.2
89,89,0.2
89,89,0.2
89,89,0.2
89,89,0.2
89,89,0.2
90,90,0.2
89,89,0.2
89,89,0.2
90,90,0.2
89,89,0.2
89,89,0.2
89,89,0.2
89,89,0.2
89,89,0.2
88,88,0.2
89,89,0.2
89,89,0.2
89,89,0.2
89,89,0.2
89,89,0.2
89,89,0.2
89,89,0.2
89,89,0.2
89,89,0.2
89,89,0.2
89,89,0.2
88,88,0.2
89,89,0.2
89,89,0.2
88,88,0.2
89,89,0.2
89,89,0.2
88,88,0.2
90,90,0.2
88,88,0.2
89,89,0.2
89,89,0.2
88,88,0.2
89,89,0.2
89,89,0.2
88,88,0.2
89,89,0.2
88,88,0.2
89,89,0.2
88,88,0.2
89,89,0.2
89,89,0.2
88,88,0.2
89,89,0.2
89,89,0.2
88,88,0.2
89,89,0.2
88,88,0.2
89,89,0.2
88,88,0.2
88,88,0.2
88,88,0.2
89,89,0.2
88,88,0.2
89,89,0.2
88,88,0.2
88,88,0.2
89,89,0.2
88,88,0.2
89,89,0.2
88,88,0.2
88,88,0.2
88,88,0.2
88,88,0.2
88,88,0.2
88,88,0.2
88,88,0.2
88,88,0.2
89,89,0.2
88,88,0.2
88,88,0.2
88,88,0.2
89,89,0.2
88,88,0.2
88,88,0.2
88,88,0.2
88,88,0.2
88,88,0.2
88,88,0.2
88,88,0.2
88,88,0.2
88,88,0.2
88,88,0.2
88,88,0.2
88,88,0.2
88,88,0.2
88,88,0.2
88,88,0.2
88,88,0.2
88,88,0.2
88,88,0.2
88,88,0.2
87,87,0.2
88,88,0.2
88,88,0.2
88,88,0.2
89,89,0.2
88,88,0.2
87,87,0.2
89,89,0.2
87,87,0.2
88,88,0.2
88,88,0.2
88,88,0.2
87,87,0.2
88,88,0.2
88,88,0.2
88,88,0.2
88,88,0.2
87,87,0.2
89,89,0.2
88,88,0.2
88,88,0.2
88,88,0.2
87,87,0.2
88,88,0.2
88,88,0.2
87,87,0.2
88,88,0.2
87,87,0.2
88,88,0.2
87,87,0.2
88,88,0.2
88,88,0.2
88,88,0.2
88,88,0.2
87,87,0.2
88,88,0.2
88,88,0.2
87,87,0.2
88,88,0.2
88,88,0.2
87,87,0.2
88,88,0.2
88,88,0.2
87,87,0.2
88,88,0.2
88,88,0.2
88,88,0.2
87,87,0.2
88,88,0.2
87,87,0.2
88,88,0.2
87,87,0.2
87,87,0.2
88,88,0.2
87,87,0.2
87,87,0.2
88,88,0.2
88,88,0.2
87,87,0.2
88,88,0.2
87,87,0.2
87,87,0.2
87,87,0.2
88,88,0.2
87,87,0.2
87,87,0.2
87,87,0.2
87,87,0.2
87,87,0.2
87,87,0.2
88,88,0.2
87,87,0.2
87,87,0.2
88,88,0.2
87,87,0.2
88,88,0.2
87,87,0.2
87,87,0.2
87,87,0.2
87,87,0.2
87,87,0.2
87,87,0.2
87,87,0.2
87,87,0.2
87,87,0.2
87,87,0.2
87,87,0.2
88,88,0.2
86,86,0.2
88,88,0.2
87,87,0.2
87,87,0.2
87,87,0.2
87,87,0.2
86,86,0.2
87,87,0.2
87,87,0.2
87,87,0.2
87,87,0.2
87,87,0.2
87,87,0.2
87,87,0.2
87,87,0.2
87,87,0.2
87,87,0.2
87,87,0.2
87,87,0.2
86,86,0.2
87,87,0.2
87,87,0.2
87,87,0.2
87,87,0.2
87,87,0.2
87,87,0.2
87,87,0.2
87,87,0.2
87,87,0.2
87,87,0.2
86,86,0.2
87,87,0.2
87,87,0.2
87,87,0.2
86,86,0.2
87,87,0.2
87,87,0.2
87,87,0.2
87,87,0.2
86,86,0.2
87,87,0.2
87,87,0.2
86,86,0.2
87,87,0.2
86,86,0.2
87,87,0.2
86,86,0.2
87,87,0.2
86,86,0.2
87,87,0.2
86,86,0.2
87,87,0.2
86,86,0.2
87,87,0.2
87,87,0.2
87,87,0.2
86,86,0.2
87,87,0.2
87,87,0.2
86,86,0.2
87,87,0.2
86,86,0.2
86,86,0.2
87,87,0.2
87,87,0.2
86,86,0.2
87,87,0.2
86,86,0.2
87,87,0.2
87,87,0.2
86,86,0.2
87,87,0.2
86,86,0.2
86,86,0.2
87,87,0.2
86,86,0.2
86,86,0.2
87,87,0.2
86,86,0.2
86,86,0.2
86,86,0.2
86,86,0.2
87,87,0.2
86,86,0.2
86,86,0.2
86,86,0.2
87,87,0.2
86,86,0.2
86,86,0.2
86,86,0.2
86,86,0.2
86,86,0.2
86,86,0.2
86,86,0.2
86,86,0.2
86,86,0.2
87,87,0.2
86,86,0.2
87,87,0.2
86,86,0.2
86,86,0.2
86,86,0.2
87,87,0.2
86,86,0.2
86,86,0.2
86,86,0.2
87,87,0.2
86,86,0.2
86,86,0.2
87,87,0.2
86,86,0.2
87,87,0.2
86,86,0.2
86,86,0.2
86,86,0.2
87,87,0.2
86,86,0.2
86,86,0.2
86,86,0.2
86,86,0.2
87,87,0.2
86,86,0.2
87,87,0.2
86,86,0.2
87,87,0.2
